kind,r2
two_logFalse_thr128,0.05175849377630204
two_logFalse_thr144,0.05145026719599799
two_logFalse_thr96,0.04340266201981402
two_logTrue_thr96,0.033976944694142364
two_logFalse_thr166,0.031666511071136605
reg_logFalse,0.029778353090738063
two_logTrue_thr128,0.029720290328587917
two_logTrue_thr144,0.022979077808478188
two_logTrue_thr166,-0.013781878073205078
reg_logTrue,-0.05216917360449558
