Parameter,CV_R2,CV_RMSE,rows_used,feature_count
Total Alkalinity,0.41409538864919393,57.16993289522725,9319,39
Electrical Conductance,0.3442454745519311,279.1944761212208,8178,37
Dissolved Reactive Phosphorus,0.1842287750609336,46.197851006477656,8178,39
