Parameter,CV_R2,CV_RMSE,rows_used,feature_count
Total Alkalinity,0.410510198748786,57.34457947501729,9319,40
Electrical Conductance,0.33108974518381973,281.9811648827901,8178,38
Dissolved Reactive Phosphorus,0.17977053799329445,46.32391597093049,8178,39
