Parameter,CV_R2,CV_RMSE,rows_used,feature_count
Total Alkalinity,0.4144830874642341,57.151014813106194,9319,40
Electrical Conductance,0.34518539655854286,278.994313465518,8178,38
Dissolved Reactive Phosphorus,0.1943757388768268,45.909636163574326,8178,46
