Parameter,CV_R2,CV_RMSE,rows_used,feature_count
Total Alkalinity,0.28780195593811986,63.03106028046205,9319,26
Electrical Conductance,0.2360331171948995,301.3515569899484,8178,26
Dissolved Reactive Phosphorus,0.06766430714812999,49.388261406798975,8178,26
