Parameter,CV_R2,CV_RMSE,rows_used
Total Alkalinity,0.40851580757844974,57.44150307959008,9319
Electrical Conductance,0.33590240539431626,280.9649378818137,8178
Dissolved Reactive Phosphorus,0.17673209867092732,46.40963728748776,8178
