Parameter,CV_R2,CV_RMSE,rows_used
Total Alkalinity,0.3524667074559684,60.10149507106996,9319
Electrical Conductance,0.2646922346279611,295.6451436316252,8178
Dissolved Reactive Phosphorus,0.0837438492972351,48.96052141715503,8178
