Parameter,CV_R2,CV_RMSE,rows_used
Total Alkalinity,0.40851580757844974,57.44150307959008,9319
Electrical Conductance,0.3279853994744073,282.63473069389596,8178
Dissolved Reactive Phosphorus,0.1773651082794141,46.391791701876045,8178
