Parameter,CV_R2,CV_RMSE,rows_used
Total Alkalinity,0.29356033911487145,62.77572846552385,9319
Electrical Conductance,0.22940711109986,302.6555705697836,8178
Dissolved Reactive Phosphorus,0.10529030953873658,47.20558604945378,8178
