Parameter,CV_R2,CV_RMSE,rows_used,feature_count
Total Alkalinity,0.4144830874642341,57.151014813106194,9319,40
Electrical Conductance,0.34519123260185003,278.9930701926014,8178,38
Dissolved Reactive Phosphorus,0.19030214096739806,46.02555967267828,8178,46
